"stfips","region","year","year_mcaid","income_pc","hospitals_pc","beds_pc","child_pop","afdc_rate","public_insurance_child"
1,4,1963,1970,1.734,0.037103139,4.2544932,1379632.671875,3.8093157,0
1,4,1964,1970,1.864,0.03872481,4.4770684,1376832.578125,3.8093157,0
1,4,1965,1970,2,0.038837131,4.4820042,1374032.421875,3.8093157,0
1,4,1966,1970,2.132,0.03775911,4.5575542,1371232.328125,3.8093157,0
1,4,1967,1970,2.256,0.036691371,4.8166304,1368432.21875,3.8093157,0
1,4,1968,1970,2.474,0.036517248,4.7787533,1365632.09375,3.8093157,0
1,4,1969,1970,2.734,0.03634477,4.9883199,1362832,3.8093157,0
1,4,1970,1970,2.962,0.035894617,4.9774833,1364955,3.8093157,0.0307321493627025
1,4,1971,1970,3.206,0.036313217,4.9108624,1367078,3.8093157,0.0423978431300774
1,4,1972,1970,3.526,0.038418047,5.1790915,1364949,3.8093157,0.0578370818694648
1,4,1973,1970,3.943,0.039656397,5.4605742,1359850,3.8093157,0.0686661291028613
1,4,1974,1970,4.336,0.038591117,5.4647775,1355803,3.8093157,0.0783909622322451
1,4,1975,1970,4.766,0.037494957,5.4976301,1354578,3.8093157,0.0816554101123684
1,4,1976,1970,5.313,0.037195232,5.4821491,1352321,3.8093157,0.082273076944035
2,5,1963,1972,3.087,0.076343648,5.1752958,107648.3359375,4.7843308,0
2,5,1964,1972,3.382,0.081889257,5.2955055,111030.442382812,4.7843308,0
2,5,1965,1972,3.549,0.079541504,4.9643998,114412.557617188,4.7843308,0
2,5,1966,1972,3.807,0.077324614,4.8640866,117794.6640625,4.7843308,0
2,5,1967,1972,4.065,0.078810237,4.6211457,121176.778320312,4.7843308,0
2,5,1968,1972,4.305,0.073241986,4.3526669,124558.884765625,4.7843308,0
2,5,1969,1972,4.769,0.071358182,4.0436306,127941,4.7843308,6.64390728958e-05
2,5,1970,1972,5.248,0.068778493,3.9498506,131118,4.7843308,0
2,5,1971,1972,5.583,0.069539711,3.7266963,134295,4.7843308,0
2,5,1972,1972,5.94,0.06739556,3.700629,136554,4.7843308,0.0086937065142133
2,5,1973,1972,6.805,0.066039495,3.3560069,137289,4.7843308,0.0220127245094883
2,5,1974,1972,8.13,0.063831389,3.2379925,139744,4.7843308,0.0302813015436503
2,5,1975,1972,10.666,0.059320617,3.1278143,148514,4.7843308,0.0322124513173243
2,5,1976,1972,12.109,0.05597993,3.1526878,154354,4.7843308,0.0303841182149801
5,4,1963,1970,1.637,0.043905288,5.035388,719927.6640625,2.685596,0.0145742732993841
5,4,1964,1970,1.757,0.042528875,5.1525369,719632.2265625,2.685596,0.0132536019359134
5,4,1965,1970,1.859,0.043878846,5.0403795,719336.7734375,2.685596,0.0156009326094589
5,4,1966,1970,2.063,0.044134997,5.1594887,719041.3359375,2.685596,0.0162054787379708
5,4,1967,1970,2.185,0.047061842,5.2222605,718745.890625,2.685596,0.0180036811352751
5,4,1968,1970,2.37,0.046763141,5.2337518,718450.4453125,2.685596,0.0158674838971541
5,4,1969,1970,2.616,0.049108446,5.1901817,718155,2.685596,0.0226815033325728
5,4,1970,1970,2.84,0.048633702,5.1598291,726486,2.685596,0.0210010921883289
5,4,1971,1970,3.088,0.047668792,5.0620203,734846,2.685596,0.0338362907274221
5,4,1972,1970,3.409,0.045589987,5.1571193,743904,2.685596,0.0418506950087157
5,4,1973,1970,3.978,0.045180678,5.2642779,749851,2.685596,0.0528567247082357
5,4,1974,1970,4.368,0.043804746,5.2646642,755545,2.685596,0.0691297317040133
5,4,1975,1970,4.668,0.042626992,5.3195705,768148,2.685596,0.0866025806889881
5,4,1976,1970,5.157,0.042422589,5.4245577,759030,2.685596,0.0974828675888845
6,5,1963,1966,3.1,0.031008016,4.6307454,6356669.75,3.1898656,0.0173335947875503
6,5,1964,1966,3.273,0.031814504,4.6388059,6522320.5625,3.1898656,0.0227258936290555
6,5,1965,1966,3.41,0.031856764,4.5143595,6687971.4375,3.1898656,0.0305722994251642
6,5,1966,1966,3.653,0.031027541,4.6257119,6853622.25,3.1898656,0.0643146301495541
6,5,1967,1966,3.87,0.030449897,4.5931072,7019273.34375,3.1898656,0.132931745713663
6,5,1968,1966,4.196,0.029743595,4.6281862,7184923.90625,3.1898656,0.120390978268425
6,5,1969,1966,4.532,0.029778326,4.6094112,7350575,3.1898656,0.173510149960421
6,5,1970,1966,4.801,0.028833961,4.4931092,7363868,3.1898656,0.190579185794261
6,5,1971,1966,5.027,0.02870382,4.4235339,7377161,3.1898656,0.190382628916316
6,5,1972,1966,5.451,0.028321706,4.4539404,7337456,3.1898656,0.173823604065278
6,5,1973,1966,5.944,0.027937654,4.4312568,7303957,3.1898656,0.166558811798975
6,5,1974,1966,6.557,0.027771633,4.4840322,7267093,3.1898656,0.183282874319114
6,5,1975,1966,7.136,0.027069932,4.4145346,7253090,3.1898656,0.191878658351304
6,5,1976,1966,7.835,0.026624598,4.3694887,7245053,3.1898656,0.194446903041875
8,5,1963,1969,2.528,0.04133511,5.3645554,750576,2.8375297,0.0090847392635385
8,5,1964,1969,2.628,0.042456865,5.4727936,767506.666015625,2.8375297,0.0104684838184372
8,5,1965,1969,2.787,0.039479118,5.2965283,784437.333984375,2.8375297,0.0127859025689192
8,5,1966,1969,2.965,0.039602309,5.1473098,801367.999023438,2.8375297,0.0165278555064865
8,5,1967,1969,3.126,0.040204596,5.2130346,818298.666015625,2.8375297,0.0168814809587774
8,5,1968,1969,3.364,0.038884733,5.2646136,835229.33203125,2.8375297,0.0165281751659382
8,5,1969,1969,3.687,0.039476991,5.3609753,852160,2.8375297,0.0593767257677954
8,5,1970,1969,4.04,0.037696224,5.0041733,867579,2.8375297,0.0593767257677954
8,5,1971,1969,4.399,0.037766844,5.0503383,883019,2.8375297,0.0610453848363708
8,5,1972,1969,4.774,0.036594775,4.8787484,906311,2.8375297,0.0634281229545719
8,5,1973,1969,5.283,0.035257228,4.6287131,923910,2.8375297,0.0635894248206632
8,5,1974,1969,5.837,0.035413217,4.6981535,921726,2.8375297,0.0634504121794307
8,5,1975,1969,6.322,0.035572838,4.8263059,919921,2.8375297,0.0736878183097919
8,5,1976,1969,6.88,0.035329379,4.7728853,912898,2.8375297,0.0829885064556195
9,1,1963,1966,3.113,0.022263223,4.9309325,986151,1.6915168,0.0415250404429314
9,1,1964,1966,3.258,0.021467878,4.8557429,1008973,1.6915168,0.0476350574796218
9,1,1965,1966,3.428,0.020702776,4.762352,1031795,1.6915168,0.045986105316333
9,1,1966,1966,3.705,0.019265654,4.655983,1054617,1.6915168,0.0647258767051355
9,1,1967,1966,4.018,0.018568914,4.5500717,1077439,1.6915168,0.0813868144758402
9,1,1968,1966,4.243,0.018234923,4.5695367,1100261,1.6915168,0.0759819717910849
9,1,1969,1966,4.821,0.017249301,4.3594289,1123083,1.6915168,0.0915315140284017
9,1,1970,1966,5.071,0.018103806,4.5345101,1118838,1.6915168,0.0854609864748405
9,1,1971,1966,5.295,0.017965313,4.5331388,1114593,1.6915168,0.0994155344384083
9,1,1972,1966,5.692,0.017917464,4.6259632,1099697,1.6915168,0.10013470029597
9,1,1973,1966,6.226,0.018571869,4.7788353,1079514,1.6915168,0.100304258364719
9,1,1974,1966,6.794,0.018206704,4.5637054,1060965,1.6915168,0.105925270315378
9,1,1975,1966,7.252,0.017829675,4.4849734,1043340,1.6915168,0.113637413962074
9,1,1976,1966,7.878,0.018146474,4.5767999,1020762,1.6915168,0.123403261997324
10,3,1963,1966,3.055,0.027265195,7.0218363,187481.3359375,2.1339111,0
10,3,1964,1966,3.216,0.026695848,6.8402977,192052.778320312,2.1339111,0
10,3,1965,1966,3.477,0.026149793,6.5394592,196624.221679688,2.1339111,0
10,3,1966,1966,3.607,0.021683224,6.3827524,201195.6640625,2.1339111,0.0034792000931458
10,3,1967,1966,3.78,0.019324662,5.8534403,205767.10546875,2.1339111,0.0691407452509069
10,3,1968,1966,4.072,0.018952236,5.6117573,210338.556640625,2.1339111,0.0898551323186287
10,3,1969,1966,4.406,0.020453282,6.0541716,214910,2.1339111,0.154809200057816
10,3,1970,1966,4.594,0.01813207,5.5484138,217761,2.1339111,0.108192009372882
10,3,1971,1966,4.888,0.017692633,5.4068685,220612,2.1339111,0.136755309806683
10,3,1972,1966,5.297,0.017426947,5.0869255,220375,2.1339111,0.134970194917653
10,3,1973,1966,5.858,0.018994993,5.3047833,218370,2.1339111,0.124570691967514
10,3,1974,1966,6.336,0.015433448,4.8118062,215573,2.1339111,0.133192257820392
10,3,1975,1966,6.74,0.018684065,5.481225,213486,2.1339111,0.146098820346554
10,3,1976,1966,7.345,0.02024452,5.6650915,210186,2.1339111,0.154150720212739
11,3,1963,1968,3.254,0.02097716,8.3475981,248199.6640625,2.5571074,0.0032476541301791
11,3,1964,1968,3.462,0.020988366,8.4609346,249914.884765625,2.5571074,0.0023781759992346
11,3,1965,1968,3.756,0.022312056,8.8683863,251630.115234375,2.5571074,0.002264526063133
11,3,1966,1968,3.951,0.022323988,9.2263727,253345.3359375,2.5571074,0.003037051785305
11,3,1967,1968,4.234,0.023649812,9.2799234,255060.55859375,2.5571074,0.0032571799302248
11,3,1968,1968,4.53,0.02366247,9.7699709,256775.779296875,2.5571074,0.0268716943201782
11,3,1969,1968,4.483,0.023675146,9.9422455,258491,2.5571074,0.119166199352066
11,3,1970,1968,4.97,0.023826353,10.034866,253090,2.5571074,0.277249176856878
11,3,1971,1968,5.497,0.023979506,9.9754744,247689,2.5571074,0.297681746443375
11,3,1972,1968,6.026,0.024200769,10.05542,240939,2.5571074,0.321107057864617
11,3,1973,1968,6.47,0.024533957,9.8326645,232798,2.5571074,0.339492848428174
11,3,1974,1968,7.252,0.023586281,9.7439089,223042,2.5571074,0.360996076220844
11,3,1975,1968,8.034,0.023933414,9.6310873,214420,2.5571074,0.390069435635034
11,3,1976,1968,8.728,0.024414588,9.8261538,205851,2.5571074,0.421128619480404
12,4,1963,1970,2.197,0.027867042,3.7177913,1965844.34375,3.2550168,0.0013474012978162
12,4,1964,1970,2.346,0.026455233,3.7665198,2019692.125,3.2550168,0.0014181706067683
12,4,1965,1970,2.493,0.025472026,3.7735739,2073539.875,3.2550168,0.0015188124221818
12,4,1966,1970,2.676,0.026869444,4.1937895,2127387.65625,3.2550168,0.0087258651829918
12,4,1967,1970,2.902,0.026897514,4.392992,2181235.46875,3.2550168,0.0106847059230113
12,4,1968,1970,3.238,0.025984796,4.4441829,2235083.25,3.2550168,0.0099325158808461
12,4,1969,1970,3.658,0.026644539,4.7993665,2288931,3.2550168,0.0120597503165019
12,4,1970,1970,3.998,0.025635572,4.6707721,2346562,3.2550168,0.0398450998977997
12,4,1971,1970,4.282,0.025268845,4.7703671,2404193,3.2550168,0.0499811372701119
12,4,1972,1970,4.696,0.024732785,4.7504234,2477867,3.2550168,0.0547135576847038
12,4,1973,1970,5.217,0.024598749,4.7947378,2565499,3.2550168,0.0571551243362401
12,4,1974,1970,5.591,0.025249267,4.9434457,2643053,3.2550168,0.0605294249735087
12,4,1975,1970,5.901,0.025756346,5.2011428,2659220,3.2550168,0.0627730623590963
12,4,1976,1970,6.36,0.026106363,5.287631,2634254,3.2550168,0.0626660086209693
13,4,1963,1967,1.946,0.031694833,3.7292237,1703845.3125,2.0779154,0
13,4,1964,1967,2.067,0.031216374,3.742867,1720026.0625,2.0779154,0.0002505966679439
13,4,1965,1967,2.241,0.031691141,3.6988258,1736206.9375,2.0779154,0.0013344054352831
13,4,1966,1967,2.442,0.032614615,3.9001064,1752387.6875,2.0779154,0.0034213631090628
13,4,1967,1967,2.636,0.0321436,4.011795,1768568.5,2.0779154,0.0075952082030089
13,4,1968,1967,2.87,0.03303434,4.0191779,1784749.25,2.0779154,0.0220759307553984
13,4,1969,1967,3.149,0.032570656,3.9838121,1800930,2.0779154,0.0434350736690706
13,4,1970,1967,3.379,0.032961227,4.2103629,1823834,2.0779154,0.0649571167081582
13,4,1971,1967,3.65,0.033759963,4.5085473,1846747,2.0779154,0.0822443278112412
13,4,1972,1967,4.023,0.033287417,4.581181,1862434,2.0779154,0.0945471322175249
13,4,1973,1967,4.481,0.033833016,4.6838346,1878239,2.0779154,0.103846049232893
13,4,1974,1967,4.854,0.034237903,4.8723936,1882740,2.0779154,0.11709718146119
13,4,1975,1967,5.157,0.034202572,4.9065866,1878831,2.0779154,0.129956444540735
13,4,1976,1967,5.687,0.033946358,4.9569488,1868610,2.0779154,0.133124967004585
15,5,1963,1966,2.706,0.041653298,5.162034,281634.33203125,1.9600229,0.0228790037905724
15,5,1964,1966,2.868,0.042313311,5.1038604,284652.7734375,1.9600229,0.0242490362031019
15,5,1965,1966,3.123,0.041516855,4.4537568,287671.2265625,1.9600229,0.0242593221644931
15,5,1966,1966,3.385,0.040749833,4.6749897,290689.66796875,1.9600229,0.032420546084578
15,5,1967,1966,3.612,0.037251282,4.4508386,293708.10546875,1.9600229,0.0471787248753806
15,5,1968,1966,4.005,0.037942689,4.8295622,296726.55078125,1.9600229,0.0502145827500553
15,5,1969,1966,4.532,0.037278511,4.674459,299745,1.9600229,0.0706523237658069
15,5,1970,1966,5.077,0.036074247,4.5685453,304500,1.9600229,0.107142859410409
15,5,1971,1966,5.319,0.033697307,3.8901668,309255,1.9600229,0.103844834042232
15,5,1972,1966,5.671,0.032624062,4.1215067,313681,1.9600229,0.102823916092631
15,5,1973,1966,6.128,0.031745397,3.845896,316139,1.9600229,0.107693267636895
15,5,1974,1966,6.911,0.028849738,3.30618,315238,1.9600229,0.128435016026468
15,5,1975,1966,7.396,0.029398263,3.5786731,315225,1.9600229,0.145190286959591
15,5,1976,1966,7.88,0.027714312,3.394449,315394,1.9600229,0.145832424815293
16,5,1963,1966,2.14,0.069394238,3.9052715,286669.671875,1.5376581,0
16,5,1964,1966,2.218,0.069051042,3.8418825,286680.557128906,1.5376581,0
16,5,1965,1966,2.522,0.071635112,3.7542646,286691.442871094,1.5376581,0
16,5,1966,1966,2.549,0.069829524,3.965735,286702.328125,1.5376581,0.008371051179329
16,5,1967,1966,2.715,0.066593841,4.0636721,286713.229248047,1.5376581,0.0249566480271076
16,5,1968,1966,2.866,0.070592903,4.3032856,286724.098876953,1.5376581,0.0268550853913665
16,5,1969,1966,3.264,0.070252202,4.2610111,286735,1.5376581,0.033485035519789
16,5,1970,1966,3.539,0.068231158,4.2846379,292551,1.5376581,0.036609003221444
16,5,1971,1966,3.739,0.0649653,4.175374,298379,1.5376581,0.0459158761122782
16,5,1972,1966,4.133,0.062883608,4.2092714,304747,1.5376581,0.0511493358561781
16,5,1973,1966,4.686,0.061369929,4.2588177,308123,1.5376581,0.053047231207205
16,5,1974,1966,5.353,0.059402779,4.132206,314368,1.5376581,0.0554039688800197
16,5,1975,1966,5.573,0.05768808,3.9985049,319816,1.5376581,0.0584992646106668
16,5,1976,1966,6.1,0.058337882,4.1886601,325579,1.5376581,0.0570067729512677
17,2,1963,1966,2.948,0.02739056,5.3270316,3855666.96875,1.818931,0.019503842533415
17,2,1964,1966,3.096,0.027204394,5.4014039,3911562.28125,1.818931,0.0189127022020733
17,2,1965,1966,3.321,0.026174635,5.3064523,3967457.71875,1.818931,0.0242259875861704
17,2,1966,1966,3.55,0.025724834,5.4083667,4023353.03125,1.818931,0.0332970965055928
17,2,1967,1966,3.737,0.025468552,5.5472536,4079248.21875,1.818931,0.0488928351513186
17,2,1968,1966,3.987,0.024943223,5.5772314,4135143.6875,1.818931,0.0565881169634873
17,2,1969,1966,4.333,0.024518631,5.5583105,4191039,1.818931,0.0751754243649324
17,2,1970,1966,4.568,0.024619661,5.6689916,4184169,1.818931,0.0832069729438508
17,2,1971,1966,4.867,0.024362052,5.6080012,4177335,1.818931,0.101495197685578
17,2,1972,1966,5.262,0.024071326,5.611639,4144394,1.818931,0.136293723471064
17,2,1973,1966,5.892,0.023622636,5.5864868,4085734,1.818931,0.164692765416768
17,2,1974,1966,6.452,0.023505826,5.6479621,4027247,1.818931,0.202630195222289
17,2,1975,1966,7.008,0.023084182,5.5693908,3977070,1.818931,0.221626321763761
17,2,1976,1966,7.62,0.023326784,5.7070522,3926555,1.818931,0.206119186006266
18,2,1963,1970,2.483,0.025470104,4.5417542,1897469.3125,1.6944562,0.006081636069043
18,2,1964,1970,2.613,0.025180379,4.7244945,1920984.0859375,1.6944562,0.0063803537353868
18,2,1965,1970,2.852,0.024492338,4.6369686,1944498.9140625,1.6944562,0.0090375515265071
18,2,1966,1970,3.031,0.024420099,4.6908083,1968013.6875,1.6944562,0.0115012177530261
18,2,1967,1970,3.141,0.024151485,4.7140927,1991528.3984375,1.6944562,0.0131966755060804
18,2,1968,1970,3.389,0.024084525,4.8576336,2015043.234375,1.6944562,0.0163768189914468
18,2,1969,1970,3.692,0.023437902,4.8756647,2038558,1.6944562,NA
18,2,1970,1970,3.791,0.02343332,4.9125457,2036656,1.6944562,0.0268027607902912
18,2,1971,1970,4.086,0.023047496,4.9382596,2034774,1.6944562,0.0480767492861803
18,2,1972,1970,4.439,0.023035301,4.926156,2025867,1.6944562,0.0579828215675467
18,2,1973,1970,5.083,0.022517607,4.9929042,2008632,1.6944562,0.0615539243083134
18,2,1974,1970,5.423,0.022803931,5.0267711,1984625,1.6944562,0.063624043074562
18,2,1975,1970,5.837,0.022798816,5.0575995,1952863,1.6944562,0.0674738851143531
18,2,1976,1970,6.504,0.023084305,5.0686803,1925117,1.6944562,0.0708663774387368
19,2,1963,1967,2.428,0.044685453,5.2782888,1068884.01074219,1.6279405,0.0087898392151289
19,2,1964,1967,2.544,0.045311395,5.3898983,1071581.30566406,1.6279405,0.0108663303022628
19,2,1965,1967,2.825,0.045934733,5.5633059,1074278.69433594,1.6279405,0.0148574504736122
19,2,1966,1967,3.054,0.047629829,5.8115554,1076975.98974609,1.6279405,0.0195882968984485
19,2,1967,1967,3.077,0.04753102,6.0703902,1079673.34667969,1.6279405,0.0316207722953978
19,2,1968,1967,3.293,0.048502523,6.1904912,1082370.64257812,1.6279405,0.0397276073062465
19,2,1969,1967,3.665,0.049114112,6.3140106,1085068,1.6279405,0.0577872620199278
19,2,1970,1967,3.878,0.048749868,6.3155804,1081522,1.6279405,0.0498399486990311
19,2,1971,1967,4.025,0.048389219,6.3295202,1078024,1.6279405,0.0590816890415735
19,2,1972,1967,4.498,0.04894311,6.2426934,1064785,1.6279405,0.0634453497441438
19,2,1973,1967,5.409,0.048882119,6.3036985,1047744,1.6279405,0.0654555006874914
19,2,1974,1967,5.603,0.048466809,6.4366713,1030445,1.6279405,0.0652094864937327
19,2,1975,1967,6.231,0.047892023,6.4786105,1017082,1.6279405,0.0637953538943616
19,2,1976,1967,6.596,0.047179949,6.353107,1007467,1.6279405,0.0642566995141495
20,2,1963,1967,2.35,0.065833777,5.5999575,834101.32421875,1.5592599,0.0097487888593136
20,2,1964,1967,2.481,0.064239286,5.478435,835574.451171875,1.5592599,0.0115242479555988
20,2,1965,1967,2.65,0.064459309,5.4540238,837047.548828125,1.5592599,0.0163227267489512
20,2,1966,1967,2.851,0.067372665,5.8079729,838520.67578125,1.5592599,0.0202890914475371
20,2,1967,1967,2.99,0.06757994,5.9479294,839993.775390625,1.5592599,0.0327282226562519
20,2,1968,1967,3.222,0.067339785,6.3205748,841466.87109375,1.5592599,0.0505070393526984
20,2,1969,1967,3.555,0.06710133,6.3612947,842940,1.5592599,0.0670309823675409
20,2,1970,1967,3.824,0.066270553,6.1560454,831883,1.5592599,0.0712888740095423
20,2,1971,1967,4.152,0.065436259,6.240037,820848,1.5592599,0.0820960310270353
20,2,1972,1967,4.619,0.064722307,6.3352499,811307,1.5592599,0.0825944322367871
20,2,1973,1967,5.275,0.064470977,5.8809891,800511,1.5592599,0.0786183739920627
20,2,1974,1967,5.71,0.06657628,6.4839125,787455,1.5592599,0.0801278377154139
20,2,1975,1967,6.206,0.066258669,6.4981766,777248,1.5592599,0.0860450157164686
20,2,1976,1967,6.716,0.065248825,6.5422821,771154,1.5592599,0.0907994605974904
21,3,1963,1966,1.888,0.036972765,4.0160856,1233252.3125,2.6565115,0.0249054663934564
21,3,1964,1966,1.953,0.038083982,4.1192021,1233174.3984375,2.6565115,0.0296346438170201
21,3,1965,1966,2.112,0.039184444,4.3363047,1233096.6015625,2.6565115,0.0386019178558821
21,3,1966,1966,2.303,0.038356487,4.3307667,1233018.6875,2.6565115,0.0507604590734383
21,3,1967,1966,2.473,0.037536457,4.3688622,1232940.76953125,2.6565115,0.0916031401011984
21,3,1968,1966,2.686,0.036091082,4.434454,1232862.91796875,2.6565115,0.0799764467735085
21,3,1969,1966,2.964,0.036549937,4.4559417,1232785,2.6565115,0.126853391469726
21,3,1970,1966,3.176,0.034609336,4.4219608,1246915,2.6565115,0.0984974944946401
21,3,1971,1966,3.383,0.035166807,4.5683503,1261057,2.6565115,0.107547700003058
21,3,1972,1966,3.705,0.035968259,4.6417036,1260132,2.6565115,0.113847060192359
21,3,1973,1966,4.132,0.033810426,4.7331629,1256066,2.6565115,0.117625208564241
21,3,1974,1966,4.595,0.033945631,4.8302293,1255337,2.6565115,0.119797782583679
21,3,1975,1966,4.94,0.034015987,4.9305887,1257795,2.6565115,0.132534897620785
21,3,1976,1966,5.457,0.033421323,4.9381423,1260646,2.6565115,0.142979442759693
22,4,1963,1966,1.9,0.03943307,4.5490346,1451284.984375,2.767731,0.0016026584216665
22,4,1964,1966,1.993,0.038693819,4.5855107,1465128.65625,2.767731,0.0023408729041724
22,4,1965,1966,2.127,0.038840678,4.5968232,1478972.34375,2.767731,0.0031424887849461
22,4,1966,1966,2.317,0.03984423,4.6752477,1492816.03125,2.767731,0.0044837194871703
22,4,1967,1966,2.516,0.038557723,4.667469,1506659.65625,2.767731,0.009548860914748
22,4,1968,1966,2.738,0.038140398,4.7364202,1520503.34375,2.767731,0.0153238731403401
22,4,1969,1966,2.886,0.039119214,4.7631111,1534347,2.767731,0.0215156056540869
22,4,1970,1966,3.089,0.036638141,4.5543394,1536681,2.767731,0.0260652641272101
22,4,1971,1966,3.31,0.038809676,4.81213,1539015,2.767731,0.0381360344243306
22,4,1972,1966,3.576,0.038811218,5.2974653,1535734,2.767731,0.0492792824294783
22,4,1973,1966,3.977,0.038271863,5.2965622,1520340,2.767731,0.0663697292383916
22,4,1974,1966,4.493,0.038474787,5.3359556,1504689,2.767731,0.0892269172265768
22,4,1975,1966,4.958,0.037819974,5.4020815,1505066,2.767731,0.104882863901686
22,4,1976,1966,5.549,0.03694794,5.3187318,1505545,2.767731,0.10803005854716
23,1,1963,1966,2.03,0.049329612,4.6400666,376655.666625977,2.0641463,0.0033272321969977
23,1,1964,1966,2.196,0.050292168,4.628932,376851.899291992,2.0641463,0.003425151985789
23,1,1965,1966,2.365,0.050227191,4.7259688,377048.100708008,2.0641463,0.0031286373699764
23,1,1966,1966,2.513,0.051186103,5.0008821,377244.333374023,2.0641463,0.0078093610798676
23,1,1967,1966,2.63,0.05112014,5.0649834,377440.550292969,2.0641463,0.0215944896485918
23,1,1968,1966,2.84,0.052075434,5.2616611,377636.782958984,2.0641463,0.0309821508580761
23,1,1969,1966,3.138,0.050988723,5.2834516,377833,2.0641463,0.0453487494227373
23,1,1970,1966,3.413,0.049091555,5.2427778,381041,2.0641463,0.0758920975388552
23,1,1971,1966,3.59,0.04824359,5.2565823,384254,2.0641463,0.0852600922144957
23,1,1972,1966,3.858,0.045418702,5.0588703,386611,2.0641463,0.0968446897674046
23,1,1973,1966,4.308,0.048737042,5.2502217,385049,2.0641463,0.119906750415923
23,1,1974,1966,4.747,0.049996745,6.0486627,384251,2.0641463,0.139709623410644
23,1,1975,1966,5.026,0.048449297,5.9806929,383319,2.0641463,0.151289555215988
23,1,1976,1966,5.698,0.046790536,5.7368865,382064,2.0641463,0.157267336636518
24,3,1963,1966,2.657,0.01847823,4.7271485,1315446.671875,2.2319593,0.0293208321519483
24,3,1964,1966,2.812,0.017731683,4.6256437,1347801.21875,2.2319593,0.0341193762865035
24,3,1965,1966,2.98,0.017021082,4.4325738,1380155.78125,2.2319593,0.036120065906054
24,3,1966,1966,3.206,0.016343897,4.3264232,1412510.328125,2.2319593,0.0382836411146913
24,3,1967,1966,3.438,0.015968472,4.3055329,1444864.890625,2.2319593,0.0835009916845723
24,3,1968,1966,3.751,0.015345333,4.1601729,1477219.453125,2.2319593,0.0812337003495957
24,3,1969,1966,4.199,0.015008328,4.1886172,1509574,2.2319593,0.0989364425998708
24,3,1970,1966,4.558,0.014961355,4.0808997,1520652,2.2319593,0.0906078425586008
24,3,1971,1966,4.881,0.014419002,4.0226526,1531730,2.2319593,0.105729830836088
24,3,1972,1966,5.281,0.014701836,4.0368791,1527638,2.2319593,0.120160428529916
24,3,1973,1966,5.805,0.015088576,4.0627208,1508967,2.2319593,0.129734772491625
24,3,1974,1966,6.368,0.016209694,4.3797626,1488030,2.2319593,0.128457763038676
24,3,1975,1966,6.89,0.016357273,4.3859143,1467190,2.2319593,0.129461961618273
24,3,1976,1966,7.534,0.016538387,4.4366021,1440475,2.2319593,0.134333164786201
25,1,1963,1966,2.783,0.032713756,6.3026619,1925996.35351562,1.8901258,0.0121378335184503
25,1,1964,1966,2.916,0.03181025,6.3382392,1953738.1171875,1.8901258,0.0140977958183141
25,1,1965,1966,3.081,0.031109711,6.2361164,1981479.8828125,1.8901258,0.0198937205353789
25,1,1966,1966,3.305,0.031334545,6.2233686,2009221.64453125,1.8901258,0.0479768717986722
25,1,1967,1966,3.557,0.031374466,6.3311505,2036963.41015625,1.8901258,0.138003386367881
25,1,1968,1966,3.872,0.03123509,6.3157353,2064705.234375,1.8901258,0.202450196312855
25,1,1969,1966,4.185,0.031628598,6.3787284,2092447,1.8901258,0.207785499964201
25,1,1970,1966,4.472,0.031233363,6.3345823,2083667,1.8901258,0.186414599562827
25,1,1971,1966,4.743,0.031017834,6.3774757,2074887,1.8901258,0.155010785958119
25,1,1972,1966,5.102,0.031411886,6.3896289,2051449,1.8901258,0.123012330964979
25,1,1973,1966,5.541,0.031294111,6.4282598,2024439,1.8901258,0.116572593444173
25,1,1974,1966,6.011,0.030292397,6.4100447,1983717,1.8901258,0.117125907725163
25,1,1975,1966,6.453,0.030370513,6.4355984,1940045,1.8901258,0.149525707163608
25,1,1976,1966,6.993,0.029744899,6.4196796,1893300,1.8901258,0.184745283821474
26,2,1963,1966,2.735,0.026967151,4.6703429,3302744.921875,1.7054889,0
26,2,1964,1966,2.959,0.026603142,4.5644946,3351685.3125,1.7054889,0
26,2,1965,1966,3.225,0.026368139,4.6366763,3400625.6875,1.7054889,0
26,2,1966,1966,3.458,0.026021572,4.5959277,3449566.078125,1.7054889,0.003449709145093
26,2,1967,1966,3.566,0.025683997,4.6032462,3498506.34375,1.7054889,0.0312916976338433
26,2,1968,1966,3.919,0.025469795,4.6574159,3547446.734375,1.7054889,0.040028786058823
26,2,1969,1966,4.147,0.025261013,4.6314878,3596387,1.7054889,0.0486988261166316
26,2,1970,1966,4.198,0.024494812,4.4936743,3586382,1.7054889,0.0535525820100848
26,2,1971,1966,4.501,0.024855224,4.5644445,3576406,1.7054889,0.0798037570054302
26,2,1972,1966,4.97,0.024820689,4.6328263,3543894,1.7054889,0.0888059585995702
26,2,1973,1966,5.552,0.024802046,4.6993814,3504993,1.7054889,0.114469601844578
26,2,1974,1966,5.926,0.025687594,4.9972248,3457918,1.7054889,0.143635619502392
26,2,1975,1966,6.307,0.025801683,5.0311084,3395263,1.7054889,0.152029574387336
26,2,1976,1966,7.092,0.026213214,5.0675955,3329582,1.7054889,0.159467136799782
27,2,1963,1966,2.446,0.052608501,5.9009199,1425517.97949219,1.5746897,0.0084091713086405
27,2,1964,1966,2.524,0.051732156,5.906414,1443118.34765625,1.5746897,0.009720113594101
27,2,1965,1966,2.763,0.051151961,5.8233051,1460718.65234375,1.5746897,0.0136948985843517
27,2,1966,1966,2.976,0.050311208,5.9118404,1478319.02050781,1.5746897,0.0535160488175783
27,2,1967,1966,3.163,0.050300196,6.045218,1495919.32617188,1.5746897,0.0652067946209149
27,2,1968,1966,3.441,0.049754426,6.1807837,1513519.63183594,1.5746897,0.061908675150401
27,2,1969,1966,3.775,0.048955746,6.2695112,1531120,1.5746897,0.077428542671158
27,2,1970,1966,4.05,0.04743956,6.3149657,1524337,1.5746897,0.0795604843902754
27,2,1971,1966,4.27,0.047248527,6.2713332,1517602,1.5746897,0.0689155901133109
27,2,1972,1966,4.626,0.046549037,6.3081703,1496041,1.5746897,0.0665964858033528
27,2,1973,1966,5.421,0.046329662,6.4266963,1473946,1.5746897,0.0685481867642561
27,2,1974,1966,5.824,0.046427969,6.5355706,1447984,1.5746897,0.0717150757839025
27,2,1975,1966,6.231,0.045340985,6.5482063,1427931,1.5746897,0.0772017688567032
27,2,1976,1966,6.725,0.044734553,6.4518852,1409516,1.5746897,0.081945716411348
28,4,1963,1970,1.484,0.045388963,3.891072,961386,5.6747947,0
28,4,1964,1970,1.541,0.04536812,3.9621491,956193.328125,5.6747947,0
28,4,1965,1970,1.669,0.044431191,4.038887,951000.671875,5.6747947,0
28,4,1966,1970,1.817,0.044868652,4.0880837,945808,5.6747947,0
28,4,1967,1970,1.984,0.044390444,4.1370063,940615.328125,5.6747947,0
28,4,1968,1970,2.179,0.043455251,4.1771932,935422.65625,5.6747947,0
28,4,1969,1970,2.403,0.044349771,4.5090456,930230,5.6747947,0
28,4,1970,1970,2.628,0.043573219,4.4772606,936149,5.6747947,0.0467810140155094
28,4,1971,1970,2.855,0.043706331,4.6293392,942068,5.6747947,0.0885122088023782
28,4,1972,1970,3.194,0.044647116,4.6636729,947407,5.6747947,0.108965663350616
28,4,1973,1970,3.597,0.044689123,4.7608814,951499,5.6747947,0.121459122712817
28,4,1974,1970,3.92,0.043725774,4.8005853,949058,5.6747947,0.130949119807054
28,4,1975,1970,4.207,0.043338552,4.9605975,944261,5.6747947,0.139179028208187
28,4,1976,1970,4.746,0.043207921,5.2207513,941133,5.6747947,0.143895607332932
29,2,1963,1967,2.468,0.028442534,5.2690926,1623755.7109375,2.1521597,0.0013945648476902
29,2,1964,1967,2.578,0.028208688,5.3072634,1640577.609375,2.1521597,0.0011566568889188
29,2,1965,1967,2.787,0.028644813,5.2982912,1657399.390625,2.1521597,0.0012667994239097
29,2,1966,1967,2.945,0.028192859,5.1071658,1674221.2890625,2.1521597,0.0013733021269234
29,2,1967,1967,3.123,0.027966645,5.3449063,1691043.1953125,2.1521597,0.0023127990502632
29,2,1968,1967,3.434,0.027960781,5.3500462,1707865.1015625,2.1521597,0.0345460556271134
29,2,1969,1967,3.569,0.028385088,5.5583162,1724687,2.1521597,0.0532875940388583
29,2,1970,1967,3.855,0.027952105,5.3892083,1723482,2.1521597,0.0523968347119905
29,2,1971,1967,4.118,0.028371893,5.1198564,1722322,2.1521597,0.0659507344370854
29,2,1972,1967,4.453,0.028611533,5.4706936,1711562,2.1521597,0.0745778302001443
29,2,1973,1967,4.935,0.029321417,5.5111699,1695116,2.1521597,0.0826963804764764
29,2,1974,1967,5.28,0.031971715,5.8230314,1673129,2.1521597,0.0896699112515542
29,2,1975,1967,5.759,0.032321565,5.9263153,1651129,2.1521597,0.0979397404749799
29,2,1976,1967,6.313,0.032340217,6.0478282,1630900,2.1521597,0.10470249544933
30,5,1963,1967,2.32,0.085555986,5.4534564,277755.004882812,1.428254,3.72055810465e-05
30,5,1964,1967,2.354,0.085423611,5.6099744,277687.00390625,1.428254,5.64171533542e-05
30,5,1965,1967,2.531,0.086762182,5.4790072,277618.99609375,1.428254,7.02394096257e-05
30,5,1966,1967,2.71,0.091033183,6.2543712,277550.995117188,1.428254,7.9263347178e-05
30,5,1967,1967,2.785,0.090892978,6.4614649,277483.009765625,1.428254,0.0118926200426811
30,5,1968,1967,2.932,0.090753205,6.4098115,277415.000976562,1.428254,0.0281167193587725
30,5,1969,1967,3.294,0.089152351,6.3985081,277347,1.428254,0.0408406822629679
30,5,1970,1967,3.624,0.088867866,6.3397188,279084,1.428254,0.0423994234630624
30,5,1971,1967,3.79,0.088588528,6.341814,280830,1.428254,0.0517193682826149
30,5,1972,1967,4.35,0.09036915,5.8767753,278967,1.428254,0.0591047494293575
30,5,1973,1967,5,0.087972023,5.6563263,276839,1.428254,0.0639777463630387
30,5,1974,1967,5.367,0.085445046,5.7112556,275135,1.428254,0.0697494813890595
30,5,1975,1967,5.814,0.084088683,5.5858912,274413,1.428254,0.0712298770150341
30,5,1976,1967,6.202,0.083048046,5.564219,272327,1.428254,0.0684086713152653
31,2,1963,1966,2.367,0.07331644,5.2815771,545914.337890625,1.2792611,0.002973942133062
31,2,1964,1966,2.417,0.071573138,5.2964125,549183.107421875,1.2792611,0.0058395598268863
31,2,1965,1966,2.681,0.073995873,5.3505239,552451.892578125,1.2792611,0.0084957217179794
31,2,1966,1966,2.918,0.075018965,5.7599421,555720.646484375,1.2792611,0.0143440423227461
31,2,1967,1966,3.019,0.073977396,6.1291642,558989.461914062,1.2792611,0.0213239993322618
31,2,1968,1966,3.196,0.073627427,6.5494323,562258.215820312,1.2792611,0.0275674049870919
31,2,1969,1966,3.571,0.071245179,6.9793129,565527,1.2792611,0.0226763170061717
31,2,1970,1966,3.793,0.071857221,8.2622375,565495,1.2792611,0.0429146120819837
31,2,1971,1966,4.119,0.071123518,8.0323048,565490,1.2792611,0.0501665129588971
31,2,1972,1966,4.525,0.067836531,7.3744235,562561,1.2792611,0.0539628017670396
31,2,1973,1966,5.259,0.066727765,7.079031,557244,1.2792611,0.0553824083677861
31,2,1974,1966,5.452,0.069575168,7.2813339,551310,1.2792611,0.0555114509138476
31,2,1975,1966,6.182,0.068108715,7.2532535,543294,1.2792611,0.0570736724500852
31,2,1976,1966,6.445,0.069071114,7.3137922,536706,1.2792611,0.0591352346118689
32,5,1963,1967,3.214,0.054779619,4.9791789,130953.001464844,1.5356324,0.0074477855485972
32,5,1964,1967,3.257,0.051719476,5.1991687,139124.332519531,1.5356324,0.0067223263454776
32,5,1965,1967,3.349,0.048983142,5.0478415,147295.667480469,1.5356324,0.0085082599348413
32,5,1966,1967,3.522,0.048970316,4.8137822,155467.002441406,1.5356324,0.0281015781117834
32,5,1967,1967,3.715,0.046627354,5.0497422,163638.329589844,1.5356324,0.0323945103271281
32,5,1968,1967,4.169,0.044498347,4.8480949,171809.665039062,1.5356324,0.0366684804096096
32,5,1969,1967,4.53,0.042555273,4.7044854,179981,1.5356324,0.0460483210157814
32,5,1970,1967,4.932,0.040404368,4.5192285,186163,1.5356324,0.0489517258006598
32,5,1971,1967,5.218,0.038459543,4.1882439,192347,1.5356324,0.0526977047510585
32,5,1972,1967,5.553,0.038404915,4.2794051,198251,1.5356324,0.0525495696936612
32,5,1973,1967,6.093,0.038667992,4.7561631,201987,1.5356324,0.0516815490582485
32,5,1974,1967,6.479,0.035190791,4.4022007,207617,1.5356324,0.0527472238131638
32,5,1975,1967,7.029,0.033877689,4.3427968,211484,1.5356324,0.0567308275713136
32,5,1976,1967,7.731,0.03246402,4.3146229,214613,1.5356324,0.0578642738879165
33,1,1963,1967,2.418,0.054213218,4.6530433,244130.666687012,0.74999994,0.0058032205280786
33,1,1964,1967,2.542,0.051633153,4.5816827,249884.55291748,0.74999994,0.0059628635021496
33,1,1965,1967,2.693,0.049152173,4.2896442,255638.44708252,0.74999994,0.0076184851407296
33,1,1966,1967,2.942,0.048226085,4.2365885,261392.341125488,0.74999994,0.0110636989745645
33,1,1967,1967,3.14,0.047334243,4.3432755,267146.211791992,0.74999994,0.0169100971771937
33,1,1968,1967,3.414,0.046474792,4.5587549,272900.105895996,0.74999994,0.0150238123274817
33,1,1969,1967,3.745,0.044262782,4.3571177,278654,0.74999994,0.0271976453949526
33,1,1970,1967,3.883,0.043093812,4.4696364,283100,0.74999994,0.0421335233947931
33,1,1971,1967,4.091,0.041984282,4.6012149,287549,0.74999994,0.0499668480623384
33,1,1972,1967,4.411,0.042215142,4.4709673,290629,0.74999994,0.0572091623696118
33,1,1973,1967,4.863,0.041155752,4.4934602,293519,0.74999994,0.0630086701884213
33,1,1974,1967,5.262,0.039164282,4.405982,294377,0.74999994,0.0697800392537505
33,1,1975,1967,5.602,0.038552452,4.4455795,294243,0.74999994,0.0749433238773117
33,1,1976,1967,6.249,0.037779287,4.3658686,293790,0.74999994,0.0745629439212296
34,1,1963,1970,2.96,0.018089207,4.3368874,2297387.6640625,4.3183746,0.0107087442177529
34,1,1964,1970,3.114,0.018076096,4.1683784,2348132.90625,4.3183746,0.0114087228376429
34,1,1965,1970,3.293,0.018063443,4.4050717,2398878.09375,4.3183746,0.015591825144933
34,1,1966,1970,3.523,0.017311415,4.3534513,2449623.34375,4.3183746,0.0213978378144118
34,1,1967,1970,3.756,0.017021054,4.334404,2500368.640625,4.3183746,0.037396282269516
34,1,1968,1970,4.081,0.01702643,4.3129807,2551113.703125,4.3183746,0.0363762701165645
34,1,1969,1970,4.5,0.01660936,4.2856369,2601859,4.3183746,0.0610991614296267
34,1,1970,1970,4.813,0.016543379,4.3995657,2612425,4.3183746,0.0687992924490948
34,1,1971,1970,5.113,0.016341683,4.2734184,2622991,4.3183746,0.0937276677509959
34,1,1972,1970,5.513,0.016629023,4.3593941,2608514,4.3183746,0.112259063683119
34,1,1973,1970,6.027,0.016768277,4.4121017,2567442,4.3183746,0.124672912461653
34,1,1974,1970,6.561,0.017450033,4.669383,2524213,4.3183746,0.13210809110037
34,1,1975,1970,7.053,0.017435368,4.7593107,2484053,4.3183746,0.141283075354341
34,1,1976,1970,7.699,0.01756517,4.7852154,2435935,4.3183746,0.148051822569017
35,5,1963,1966,2.048,0.050736558,4.3716278,438262.33203125,3.118618,0.033758723985623
35,5,1964,1966,2.127,0.051509768,4.6142449,438708.10546875,3.118618,0.0372057206602864
35,5,1965,1966,2.24,0.050225176,4.4141779,439153.89453125,3.118618,0.0410853401543466
35,5,1966,1966,2.372,0.049973331,4.4353881,439599.66796875,3.118618,0.0580942559085041
35,5,1967,1966,2.477,0.052768324,4.6994252,440045.455078125,3.118618,0.0763632549211571
35,5,1968,1966,2.695,0.050486878,4.5902672,440491.228515625,3.118618,0.0706029946000322
35,5,1969,1966,2.92,0.051242221,4.9313102,440937,3.118618,0.0867711674544459
35,5,1970,1966,3.189,0.049790587,4.7203426,446642,3.118618,0.0738197461048713
35,5,1971,1966,3.416,0.050316472,4.7620268,452352,3.118618,0.0764808407293854
35,5,1972,1966,3.748,0.048242446,4.5218015,454560,3.118618,0.075887236616943
35,5,1973,1966,4.119,0.044370111,4.3727198,456809,3.118618,0.0789423128913469
35,5,1974,1966,4.551,0.041605327,4.2056789,458346,3.118618,0.0840308115380246
35,5,1975,1966,5.05,0.040421657,4.3216772,463669,3.118618,0.0860304024227888
35,5,1976,1966,5.52,0.040997047,4.703784,466961,3.118618,0.0872062020501267
36,1,1963,1966,3.114,0.024530407,6.1456499,5966909.5,2.7961681,0.0168665217644847
36,1,1964,1966,3.303,0.023278844,6.0278411,6049001.75,2.7961681,0.0197733487871141
36,1,1965,1966,3.475,0.022505023,5.7770391,6131094.25,2.7961681,0.0267929013501941
36,1,1966,1966,3.708,0.021914089,5.6773868,6213186.5,2.7961681,0.0547401514249657
36,1,1967,1966,3.983,0.022005254,5.7713675,6295278.5,2.7961681,0.184450258989933
36,1,1968,1966,4.361,0.021706259,5.7333388,6377370.75,2.7961681,0.218428576422419
36,1,1969,1966,4.573,0.021192148,5.6523042,6459463,2.7961681,0.297354167173649
36,1,1970,1966,4.868,0.021132119,5.5878029,6451913,2.7961681,0.232706188536325
36,1,1971,1966,5.166,0.020528188,5.5647182,6444365,2.7961681,0.211120926209739
36,1,1972,1966,5.528,0.020433865,5.685246,6365567,2.7961681,0.200592021674567
36,1,1973,1966,5.963,0.020445291,5.7451267,6220984,2.7961681,0.208343581385345
36,1,1974,1966,6.474,0.020417321,5.7200594,6080446,2.7961681,0.217612372278645
36,1,1975,1966,6.97,0.019686855,5.6157999,5977068,2.7961681,0.224079943964304
36,1,1976,1966,7.469,0.019582992,5.5972867,5859636,2.7961681,0.23846356557945
37,4,1963,1970,1.866,0.032705702,4.1226172,1942149.9375,2.5455093,0.0054440726734183
37,4,1964,1970,1.998,0.031936169,4.2317524,1946453.3125,2.5455093,0.0049521668548833
37,4,1965,1970,2.129,0.031598672,4.2534513,1950756.6875,2.5455093,0.0044601396631911
37,4,1966,1970,2.347,0.030856809,4.2670851,1955060.0625,2.5455093,0.0039679908110116
37,4,1967,1970,2.511,0.029519554,4.1207261,1959363.28125,2.5455093,0.0034757202424224
37,4,1968,1970,2.74,0.029620178,4.2538204,1963666.65625,2.5455093,0.0031064336459005
37,4,1969,1970,3.046,0.029120397,4.2571626,1967970,2.5455093,0.0071060791181987
37,4,1970,1970,3.273,0.028195832,4.2328992,1979327,2.5455093,0.028803038593863
37,4,1971,1970,3.5,0.028458124,4.3531313,1990687,2.5455093,0.0286524054415058
37,4,1972,1970,3.89,0.027567647,4.3116932,1995941,2.5455093,0.0402833462052234
37,4,1973,1970,4.353,0.027125467,4.3946972,1995079,2.5455093,0.0439638711281043
37,4,1974,1970,4.734,0.027650198,4.6543889,1987016,2.5455093,0.0430595069495709
37,4,1975,1970,5.048,0.026738765,4.6536293,1978697,2.5455093,0.0525635888747451
37,4,1976,1970,5.581,0.02646004,4.6641183,1959836,2.5455093,0.0557347978544895
38,2,1963,1966,2.179,0.094282039,6.3216906,263698.330566406,1.3867599,0.0066333175249564
38,2,1964,1966,2.146,0.09301421,6.2944961,261726.107910156,1.3867599,0.0074399735293701
38,2,1965,1966,2.499,0.096565589,6.3282647,259753.892089844,1.3867599,0.010376649411809
38,2,1966,1966,2.535,0.09529686,6.5092597,257781.669433594,1.3867599,0.0150721984913053
38,2,1967,1966,2.623,0.097261019,6.7401886,255809.446289062,1.3867599,0.0336983417955752
38,2,1968,1966,2.754,0.097612508,6.7108598,253837.223144531,1.3867599,0.0303343990840945
38,2,1969,1966,3.099,0.097966544,6.893579,251865,1.3867599,0.037299845103914
38,2,1970,1966,3.257,0.09360636,7.0462995,250979,1.3867599,0.0355049639545317
38,2,1971,1966,3.715,0.092531435,6.7819161,250106,1.3867599,0.0388468227589113
38,2,1972,1966,4.412,0.090322353,6.645824,246964,1.3867599,0.042670691952904
38,2,1973,1966,6.207,0.09011858,6.9913044,242245,1.3867599,0.045548949325941
38,2,1974,1966,6.136,0.086714268,7.1704817,238155,1.3867599,0.0471862356636416
38,2,1975,1966,6.39,0.086125225,7.0575709,235018,1.3867599,0.0467732212758822
38,2,1976,1966,6.206,0.085214637,7.0790124,232926,1.3867599,0.0452620576031563
39,2,1963,1966,2.6,0.022382451,4.3427949,3884243.328125,1.6325544,0.0086455738851096
39,2,1964,1966,2.75,0.021566389,4.3675895,3927472.03125,1.6325544,0.0098565918502188
39,2,1965,1966,2.942,0.021647984,4.4875975,3970700.96875,1.6325544,0.0126795605468708
39,2,1966,1966,3.173,0.020951988,4.4562745,4013929.671875,1.6325544,0.0156836440391764
39,2,1967,1966,3.301,0.020365493,4.355814,4057158.484375,1.6325544,0.0240129854446116
39,2,1968,1966,3.606,0.020456228,4.5170207,4100387.1875,1.6325544,0.0314604420023683
39,2,1969,1966,3.911,0.020262511,4.5324883,4143616,1.6325544,0.0461136970578713
39,2,1970,1966,4.088,0.020051001,4.6152906,4125163,1.6325544,0.044512176017631
39,2,1971,1966,4.322,0.020028139,4.7631569,4106722,1.6325544,0.0601849709621395
39,2,1972,1966,4.688,0.01963331,4.7045503,4052061,1.6325544,0.0679851561102116
39,2,1973,1966,5.209,0.019503433,4.8025813,3994732,1.6325544,0.0818489076777115
39,2,1974,1966,5.724,0.020435179,4.9500504,3925038,1.6325544,0.0976694503383069
39,2,1975,1966,6.101,0.020611627,5.0446491,3858366,1.6325544,0.104639033529617
39,2,1976,1966,6.751,0.021017697,5.1747246,3775436,1.6325544,0.110216263872436
40,3,1963,1966,2.042,0.052225947,4.2436714,895770.67578125,3.0224345,0.0064128257286419
40,3,1964,1966,2.181,0.051342204,4.1972251,900436.90234375,3.0224345,0.0061690865957457
40,3,1965,1966,2.344,0.052936371,4.2595539,905103.09765625,3.0224345,0.0065677082511738
40,3,1966,1966,2.497,0.055315837,4.382153,909769.32421875,3.0224345,0.0464180513652641
40,3,1967,1966,2.684,0.054428253,4.5816493,914435.55078125,3.0224345,0.0729023118126677
40,3,1968,1966,2.927,0.053955749,4.5430741,919101.7734375,3.0224345,0.0619082697694621
40,3,1969,1966,3.204,0.055868778,5.1153612,923768,3.0224345,0.079694959625361
40,3,1970,1966,3.475,0.050176475,4.9488006,934148,3.0224345,0.079085966335906
40,3,1971,1966,3.71,0.050799906,5.0513444,944535,3.0224345,0.0908303295190894
40,3,1972,1966,4.016,0.049665567,5.0625014,947664,3.0224345,0.0967953578907417
40,3,1973,1966,4.515,0.049732558,5.0745764,949093,3.0224345,0.099059317148762
40,3,1974,1966,4.976,0.049403679,5.0457625,950136,3.0224345,0.10225709351254
40,3,1975,1966,5.493,0.049062792,5.0920687,951549,3.0224345,0.103637412910067
40,3,1976,1966,5.974,0.047107462,5.0256224,954101,3.0224345,0.101501784933758
41,5,1963,1967,2.524,0.042368691,4.581182,706863.666015625,1.8796948,0.0139599530212743
41,5,1964,1967,2.668,0.041127309,4.5493131,717344.888671875,1.8796948,0.0145018620607015
41,5,1965,1967,2.833,0.041482676,4.3040867,727826.111328125,1.8796948,0.0188335334546342
41,5,1966,1967,3.009,0.041316379,4.4657393,738307.333984375,1.8796948,0.0265047790566365
41,5,1967,1967,3.178,0.04165731,4.4487996,748788.555664062,1.8796948,0.0375189624230561
41,5,1968,1967,3.421,0.039517622,4.4225159,759269.778320312,1.8796948,0.0399067593338903
41,5,1969,1967,3.675,0.040362209,4.5555806,769751,1.8796948,0.0507287088349296
41,5,1970,1967,3.927,0.038989116,4.5022922,776203,1.8796948,0.0455782826349043
41,5,1971,1967,4.197,0.037210304,4.4484921,782657,1.8796948,0.0718086031363654
41,5,1972,1967,4.605,0.035985708,4.3346834,784993,1.8796948,0.0784673113655541
41,5,1973,1967,5.109,0.035283845,4.3140082,785872,1.8796948,0.0790765216471415
41,5,1974,1967,5.701,0.035072215,4.2213793,785018,1.8796948,0.0959967199618502
41,5,1975,1967,6.185,0.034844015,4.2569923,784964,1.8796948,0.116826350855183
41,5,1976,1967,6.898,0.034988366,4.5438509,785729,1.8796948,0.123241966826997
42,1,1963,1966,2.507,0.02451358,5.4366932,4156052.75,1.7964864,0.0216173553137186
42,1,1964,1966,2.66,0.02449847,5.493999,4176528.25,1.7964864,0.0203943497452815
42,1,1965,1966,2.827,0.024223942,5.5731506,4197003.75,1.7964864,0.0235375442499489
42,1,1966,1966,3.034,0.023865523,5.6436362,4217479.25,1.7964864,0.0355794696153658
42,1,1967,1966,3.243,0.023681656,5.7076221,4237954.875,1.7964864,0.0634348532154935
42,1,1968,1966,3.503,0.023670197,5.7321186,4258430.375,1.7964864,0.0952376104392917
42,1,1969,1966,3.804,0.023914143,5.7508831,4278906,1.7964864,0.112313331415522
42,1,1970,1966,4.069,0.021070629,5.3492322,4258569,1.7964864,0.116917448422701
42,1,1971,1966,4.289,0.02297117,5.6155677,4238245,1.7964864,0.117939563884966
42,1,1972,1966,4.678,0.022932261,5.6284842,4182772,1.7964864,0.118081363418103
42,1,1973,1966,5.155,0.022885432,5.550643,4105386,1.7964864,0.130612319162233
42,1,1974,1966,5.692,0.02334794,5.639328,4023537,1.7964864,0.134509649845502
42,1,1975,1966,6.182,0.023365499,5.8017039,3962651,1.7964864,0.126267838149853
42,1,1976,1966,6.796,0.023890503,5.7462549,3882550,1.7964864,0.130052436064526
44,1,1963,1966,2.586,0.02255556,5.1990566,316899,2.5246003,0.0431112123710687
44,1,1964,1966,2.728,0.022327164,5.0861282,320186.995117188,2.5246003,0.0281283131873918
44,1,1965,1966,2.91,0.023208518,5.0992432,323475.004882812,2.5246003,0.0328968626999441
44,1,1966,1966,3.157,0.021883978,6.5717583,326763,2.5246003,0.0800416533153988
44,1,1967,1966,3.388,0.021668915,6.6296048,330050.994628906,2.5246003,0.0942263904563241
44,1,1968,1966,3.649,0.022530943,6.6562843,333338.989746094,2.5246003,0.0833985933609557
44,1,1969,1966,3.847,0.022313792,6.4933133,336627,2.5246003,0.100656760427948
44,1,1970,1966,4.098,0.020996163,6.3996305,337822,2.5246003,0.0936647109143599
44,1,1971,1966,4.285,0.019709788,6.1733131,339017,2.5246003,0.113609132241103
44,1,1972,1966,4.613,0.019459557,5.810214,339259,2.5246003,0.119968825292939
44,1,1973,1966,4.955,0.019427046,5.8710575,334693,2.5246003,0.12525128043039
44,1,1974,1966,5.385,0.019926189,5.9044447,320661,2.5246003,0.128549868407666
44,1,1975,1966,5.851,0.020077096,5.886816,314169,2.5246003,0.130202232720826
44,1,1976,1966,6.402,0.019993097,5.6001716,309264,2.5246003,0.138674378892164
45,4,1963,1968,1.656,0.027485691,3.5075023,1074068.671875,1.2245009,0.0012727261598232
45,4,1964,1968,1.773,0.027280375,3.6274755,1072442.578125,1.2245009,0.0012242942500942
45,4,1965,1968,1.941,0.027078103,3.5383401,1070816.421875,1.2245009,0.0010925137146129
45,4,1966,1968,2.157,0.02888469,3.5989521,1069190.328125,1.2245009,0.0011033567395454
45,4,1967,1968,2.321,0.028673653,3.9278922,1067564.234375,1.2245009,0.0004399035521777
45,4,1968,1968,2.549,0.028861033,3.9887528,1065938.09375,1.2245009,0.0019700955736214
45,4,1969,1968,2.821,0.029045714,4.1735554,1064312,1.2245009,0.0076133517379304
45,4,1970,1968,3.055,0.029562376,4.3199463,1072607,1.2245009,0.0262155666102822
45,4,1971,1968,3.265,0.029305505,4.310915,1080902,1.2245009,0.0367163523388786
45,4,1972,1968,3.594,0.029798102,4.5554309,1086111,1.2245009,0.0557883931904424
45,4,1973,1968,4.016,0.028464992,4.3461356,1090110,1.2245009,0.0752533007365328
45,4,1974,1968,4.451,0.027434727,4.4152322,1095802,1.2245009,0.0856510662259221
45,4,1975,1968,4.73,0.026895346,4.1422281,1098792,1.2245009,0.0894090906338851
45,4,1976,1968,5.255,0.02651885,4.1396604,1093162,1.2245009,0.0875043295476395
46,2,1963,1967,2.02,0.084481619,6.8489394,276816.3359375,2.2113578,0
46,2,1964,1967,1.993,0.087697655,6.9370332,275572.776367188,2.2113578,0
46,2,1965,1967,2.277,0.090932265,7.0233994,274329.223632812,2.2113578,0
46,2,1966,1967,2.495,0.08970058,6.793324,273085.671875,2.2113578,0
46,2,1967,1967,2.577,0.088461742,6.8355436,271842.112304688,2.2113578,0.0013978702048778
46,2,1968,1967,2.774,0.088719405,7.1652198,270598.559570312,2.2113578,0.0199557607985296
46,2,1969,1967,3.03,0.088978574,7.0579615,269355,2.2113578,0.0293795335223329
46,2,1970,1967,3.286,0.095909029,7.3655138,267647,2.2113578,0.0297219847296734
46,2,1971,1967,3.564,0.092321806,7.2457724,265956,2.2113578,0.0345758475721715
46,2,1972,1967,4.089,0.091516159,7.1426883,264028,2.2113578,0.0409835689098146
46,2,1973,1967,5.175,0.089838259,7.1561332,259938,2.2113578,0.0488479972990654
46,2,1974,1967,5.187,0.10001589,7.4394169,255364,2.2113578,0.0587196099817909
46,2,1975,1967,5.706,0.10124888,8.4946346,251114,2.2113578,0.0670537089111669
46,2,1976,1967,5.6,0.10044882,8.4522581,248968,2.2113578,0.068892253351068
47,4,1963,1969,1.859,0.03379038,5.1672034,1440315.328125,2.7932708,0.0021590970322514
47,4,1964,1969,1.971,0.034018368,5.00664,1445428.109375,2.7932708,0.0022029210184523
47,4,1965,1969,2.135,0.0345097,4.8971076,1450540.890625,2.7932708,0.0024809201507927
47,4,1966,1969,2.338,0.037643041,5.1040783,1455653.671875,2.7932708,0.0028832251223548
47,4,1967,1969,2.482,0.037304848,5.3025427,1460766.453125,2.7932708,0.0018157197074996
47,4,1968,1969,2.753,0.037493419,5.5127478,1465879.21875,2.7932708,0.0015690242193522
47,4,1969,1969,2.957,0.037936736,5.5725713,1470992,2.7932708,0.0222068662220868
47,4,1970,1969,3.176,0.036524277,5.6001358,1481180,2.7932708,0.0407931492985624
47,4,1971,1969,3.439,0.036156554,5.6830621,1491372,2.7932708,0.0566557033248334
47,4,1972,1969,3.8,0.036198661,5.9346237,1500826,2.7932708,0.0621113192229544
47,4,1973,1969,4.284,0.034310888,5.8471069,1496422,2.7932708,0.0721760407924829
47,4,1974,1969,4.685,0.034271117,5.9096255,1495774,2.7932708,0.0865818241628272
47,4,1975,1969,5.026,0.033795334,6.0251923,1493339,2.7932708,0.0969637420377036
47,4,1976,1969,5.57,0.033031508,5.9223413,1490523,2.7932708,0.102306799254197
48,3,1963,1967,2.15,0.050215609,4.3282871,4076142.40625,0.86176026,0
48,3,1964,1967,2.279,0.048357327,4.463068,4128635.4375,0.86176026,0
48,3,1965,1967,2.426,0.049447667,4.4299645,4181128.5625,0.86176026,0
48,3,1966,1967,2.62,0.050410163,4.6350198,4233621.59375,0.86176026,0.0011574014919067
48,3,1967,1967,2.834,0.048631873,4.6377039,4286114.84375,0.86176026,0.0018198298906469
48,3,1968,1967,3.099,0.047274303,4.7277069,4338607.875,0.86176026,0.0125385839580547
48,3,1969,1967,3.364,0.047136623,4.7861381,4391101,0.86176026,0.0217574525662317
48,3,1970,1967,3.628,0.045203377,4.806211,4442698,0.86176026,0.0181157937322957
48,3,1971,1967,3.84,0.044396039,4.9883423,4494313,0.86176026,0.0422177911696702
48,3,1972,1967,4.175,0.044305686,5.030694,4530849,0.86176026,0.0534059347493561
48,3,1973,1967,4.659,0.044261046,5.0523314,4566648,0.86176026,0.0591454113080213
48,3,1974,1967,5.17,0.043608606,5.1877937,4589224,0.86176026,0.0618099981648799
48,3,1975,1967,5.738,0.042089961,5.1029902,4636319,0.86176026,0.0598544945857775
48,3,1976,1967,6.347,0.041539464,5.171896,4679720,0.86176026,0.0572980634820324
49,5,1963,1966,2.274,0.04368357,4.2468953,427419.322753906,2.3569267,0.0116701147694446
49,5,1964,1966,2.38,0.041904636,4.1977968,433056.435546875,2.3569267,0.0141574329439955
49,5,1965,1966,2.479,0.042245016,3.8128705,438693.564453125,2.3569267,0.0181826583934132
49,5,1966,1966,2.594,0.041560695,4.1418781,444330.677246094,2.3569267,0.0252698326104492
49,5,1967,1966,2.713,0.040898189,4.2214913,449967.774414062,2.3569267,0.0432807232468596
49,5,1968,1966,2.892,0.039274611,4.4674869,455604.887207031,2.3569267,0.0440573099550378
49,5,1969,1966,3.105,0.037701193,4.3704386,461242,2.3569267,0.0410320319887018
49,5,1970,1966,3.389,0.036530536,4.2703261,472913,2.3569267,0.0350931370648416
49,5,1971,1966,3.649,0.035428844,4.2405601,484602,2.3569267,0.0537329760355804
49,5,1972,1966,3.971,0.033491034,4.0894318,495006,2.3569267,0.0647097361593739
49,5,1973,1966,4.316,0.032511257,3.8705504,505041,2.3569267,0.0655035852316949
49,5,1974,1966,4.738,0.033365253,3.8420088,512581,2.3569267,0.0571889092263018
49,5,1975,1966,5.173,0.032415174,3.7658329,522384,2.3569267,0.0564912844694865
49,5,1976,1966,5.755,0.028292768,3.5861082,533731,2.3569267,0.0584273258359113
50,1,1963,1966,2.125,0.068925336,6.2549744,161345.666656494,1.4365076,0
50,1,1964,1966,2.264,0.06801258,6.313025,163688.222213745,1.4365076,0
50,1,1965,1966,2.452,0.067123674,6.3515778,166030.777786255,1.4365076,0
50,1,1966,1966,2.722,0.061525017,6.3323441,168373.333343506,1.4365076,0.0057610072661445
50,1,1967,1966,2.878,0.05840518,6.0694666,170715.888885498,1.4365076,0.0277774184779505
50,1,1968,1966,3.121,0.04844334,5.7209277,173058.444442749,1.4365076,0.0439158001905774
50,1,1969,1966,3.38,0.050119832,5.8275695,175401,1.4365076,0.0739411814617157
50,1,1970,1966,3.625,0.047016785,5.7830644,176282,1.4365076,0.100265485898695
50,1,1971,1966,3.848,0.044016216,5.3039541,177173,1.4365076,0.101174285333996
50,1,1972,1966,4.163,0.041017935,5.6172981,177805,1.4365076,0.102610846304632
50,1,1973,1966,4.528,0.040550895,5.7006021,176696,1.4365076,0.109306625986028
50,1,1974,1966,4.855,0.040156569,5.6980057,175123,1.4365076,0.125628731581893
50,1,1975,1966,5.203,0.03959183,5.6095371,174434,1.4365076,0.14571132755991
50,1,1976,1966,5.747,0.039161369,5.4702249,172609,1.4365076,0.156972907723298
51,4,1963,1969,2.188,0.02467333,4.0687041,1648013.984375,1.4742272,0.0008276140793709
51,4,1964,1969,2.373,0.024271,4.0560846,1666327.640625,1.4742272,0.0008856695775847
51,4,1965,1969,2.53,0.024577161,4.0682158,1684641.359375,1.4742272,0.0009140315018775
51,4,1966,1969,2.711,0.023960859,4.1303954,1702955.015625,1.4742272,0.0009099755691764
51,4,1967,1969,2.936,0.024037668,4.2544427,1721268.671875,1.4742272,0.0010768736518335
51,4,1968,1969,3.222,0.02411213,4.3554468,1739582.34375,1.4742272,0.0014371265372929
51,4,1969,1969,3.56,0.023530714,4.3191934,1757896,1.4742272,0.0179595864600672
51,4,1970,1969,3.792,0.022906804,4.3882589,1767437,1.4742272,0.0377846585847733
51,4,1971,1969,4.091,0.022514561,4.3852892,1776983,1.4742272,0.0511118438514058
51,4,1972,1969,4.486,0.021955671,4.402319,1777188,1.4742272,0.0687300834677497
51,4,1973,1969,4.971,0.022011595,4.5421333,1776858,1.4742272,0.0756761543090669
51,4,1974,1969,5.485,0.022097068,4.4959497,1768772,1.4742272,0.0810510553086874
51,4,1975,1969,5.96,0.021755474,4.4768806,1762382,1.4742272,0.0847391903816184
51,4,1976,1969,6.549,0.021237135,4.4257021,1753303,1.4742272,0.0863300984314723
53,5,1963,1966,2.716,0.038574256,4.41395,1166261.3125,1.8092284,0.0123087273212423
53,5,1964,1966,2.838,0.037826415,4.1725445,1188092.10351562,1.8092284,0.0136394641910378
53,5,1965,1966,3.055,0.037741326,4.0576682,1209922.89648438,1.8092284,0.0135938265612445
53,5,1966,1966,3.36,0.037036944,4.174593,1231753.6875,1.8092284,0.0460290728397595
53,5,1967,1966,3.545,0.036052842,4.3080091,1253584.41601562,1.8092284,0.0622730731948585
53,5,1968,1966,3.826,0.035104148,4.3016086,1275415.20703125,1.8092284,0.0466514783026429
53,5,1969,1966,4.085,0.035073191,4.3057499,1297246,1.8092284,0.0710124186572234
53,5,1970,1966,4.189,0.034210786,4.4424314,1289862,1.8092284,0.0815436051738559
53,5,1971,1966,4.361,0.035102274,4.3056855,1282481,1.8092284,0.0827378714509573
53,5,1972,1966,4.713,0.034813941,4.2995219,1258301,1.8092284,0.0874792116909787
53,5,1973,1966,5.284,0.034221876,4.0292664,1245014,1.8092284,0.0884929354192059
53,5,1974,1966,5.892,0.033540409,3.9405754,1244976,1.8092284,0.0874489564863501
53,5,1975,1966,6.535,0.032882664,3.8674436,1244805,1.8092284,0.0891124439639788
53,5,1976,1966,7.165,0.032785747,3.8641119,1243198,1.8092284,0.0891369230496805
55,2,1963,1966,2.45,0.041475359,5.5586739,1622211.70898438,1.0610507,0.0077259817416837
55,2,1964,1966,2.61,0.040744163,5.7326312,1645288.8828125,1.0610507,0.007817651386696
55,2,1965,1966,2.78,0.040030044,5.5133047,1668366.1171875,1.0610507,0.010859244617432
55,2,1966,1966,3.014,0.040745556,5.7705603,1691443.29296875,1.0610507,0.0184289322583142
55,2,1967,1966,3.172,0.040047724,5.8309021,1714520.58984375,1.0610507,0.0670966528862176
55,2,1968,1966,3.431,0.039595846,6.0240941,1737597.765625,1.0610507,0.0753914397990513
55,2,1969,1966,3.747,0.038471133,6.1298857,1760675,1.0610507,0.0989393629444343
55,2,1970,1966,3.981,0.037953932,6.15554,1751785,1.0610507,0.0681664719655459
55,2,1971,1966,4.241,0.036771201,5.9963965,1742913,1.0610507,0.0812905320468051
55,2,1972,1966,4.601,0.036234662,6.0367393,1729227,1.0610507,0.09044104834262
55,2,1973,1966,5.127,0.035188645,6.0453649,1705766,1.0610507,0.0973023228778686
55,2,1974,1966,5.619,0.035476465,5.9948616,1680509,1.0610507,0.110191022053195
55,2,1975,1966,6.09,0.034575876,5.7711077,1661028,1.0610507,0.137766747165824
55,2,1976,1966,6.679,0.035334557,6.1820207,1632788,1.0610507,0.157777263322989
56,5,1963,1967,2.52,0.094135173,7.5459971,134536.666625977,1.4014163,0.0105439338128487
56,5,1964,1967,2.572,0.091167979,7.5000858,134059.556762695,1.4014163,0.0122537531671338
56,5,1965,1967,2.719,0.08819627,7.0192065,133582.443237305,1.4014163,0.0160531808129194
56,5,1966,1967,2.878,0.091307156,7.4263153,133105.333251953,1.4014163,0.0194385787708187
56,5,1967,1967,3.098,0.088330999,7.9041018,132628.219726562,1.4014163,0.0209596425292969
56,5,1968,1967,3.288,0.088398524,7.8735647,132151.113525391,1.4014163,0.0158908995058668
56,5,1969,1967,3.587,0.088466153,7.4616623,131674,1.4014163,0.0223316914015127
56,5,1970,1967,3.91,0.08684507,7.2949858,132392,1.4014163,0.0234304199682445
56,5,1971,1967,4.257,0.085279569,6.5724082,133111,1.4014163,0.0330146200917398
56,5,1972,1967,4.692,0.083599262,6.6158729,133581,1.4014163,0.0359557202255115
56,5,1973,1967,5.389,0.082063474,6.4122701,133731,1.4014163,0.0521611025921758
56,5,1974,1967,6.15,0.076801755,6.0481381,135836,1.4014163,0.0539383835943588
56,5,1975,1967,6.721,0.073580228,5.8128381,139884,1.4014163,0.0387463412126506
56,5,1976,1967,7.224,0.070797712,5.694159,143214,1.4014163,0.03639920314127
